[
  {
    "model": "auth.group",
    "pk": 1,
    "fields": {
      "name": "Moderators",
      "permissions": [
        [
          "access_admin",
          "wagtailadmin",
          "admin"
        ],
        [
          "add_document",
          "wagtaildocs",
          "document"
        ],
        [
          "change_document",
          "wagtaildocs",
          "document"
        ],
        [
          "delete_document",
          "wagtaildocs",
          "document"
        ],
        [
          "add_image",
          "wagtailimages",
          "image"
        ],
        [
          "change_image",
          "wagtailimages",
          "image"
        ],
        [
          "delete_image",
          "wagtailimages",
          "image"
        ]
      ]
    }
  },
  {
    "model": "auth.group",
    "pk": 2,
    "fields": {
      "name": "Editors",
      "permissions": [
        [
          "access_admin",
          "wagtailadmin",
          "admin"
        ],
        [
          "add_document",
          "wagtaildocs",
          "document"
        ],
        [
          "change_document",
          "wagtaildocs",
          "document"
        ],
        [
          "delete_document",
          "wagtaildocs",
          "document"
        ],
        [
          "add_image",
          "wagtailimages",
          "image"
        ],
        [
          "change_image",
          "wagtailimages",
          "image"
        ],
        [
          "delete_image",
          "wagtailimages",
          "image"
        ]
      ]
    }
  },
  {
    "model": "auth.user",
    "pk": 1,
    "fields": {
      "password": "pbkdf2_sha256$216000$SUQpBuEOo8cx$vchh7hhOQKLh6Ep3EStuRRtOWieX2MExUa9KYh6IArY=",
      "last_login": "2020-11-12T02:44:35.364Z",
      "is_superuser": true,
      "username": "admin",
      "first_name": "",
      "last_name": "",
      "email": "",
      "is_staff": true,
      "is_active": true,
      "date_joined": "2020-11-12T02:44:28.206Z",
      "groups": [],
      "user_permissions": []
    }
  },
  {
    "model": "wagtailimages.image",
    "pk": 1,
    "fields": {
      "collection": 1,
      "title": "image_1.jpeg",
      "file": "original_images/image_1.jpeg",
      "width": 1280,
      "height": 853,
      "created_at": "2020-11-12T02:48:43.415Z",
      "uploaded_by_user": [
        "admin"
      ],
      "focal_point_x": null,
      "focal_point_y": null,
      "focal_point_width": null,
      "focal_point_height": null,
      "file_size": 122649,
      "file_hash": "96002817cebbd381637ca0488521dec676a39bb8"
    }
  },
  {
    "model": "wagtailimages.image",
    "pk": 2,
    "fields": {
      "collection": 1,
      "title": "image_2.jpeg",
      "file": "original_images/image_2.jpeg",
      "width": 1280,
      "height": 853,
      "created_at": "2020-11-12T02:48:45.974Z",
      "uploaded_by_user": [
        "admin"
      ],
      "focal_point_x": null,
      "focal_point_y": null,
      "focal_point_width": null,
      "focal_point_height": null,
      "file_size": 287959,
      "file_hash": "736c1f6567a97c2efe471d7ff704fc508bf32bba"
    }
  },
  {
    "model": "wagtailimages.image",
    "pk": 3,
    "fields": {
      "collection": 1,
      "title": "image_3.jpeg",
      "file": "original_images/image_3.jpeg",
      "width": 1280,
      "height": 853,
      "created_at": "2020-11-12T02:48:48.698Z",
      "uploaded_by_user": [
        "admin"
      ],
      "focal_point_x": null,
      "focal_point_y": null,
      "focal_point_width": null,
      "focal_point_height": null,
      "file_size": 213242,
      "file_hash": "e9ec819b7c458ec4517e924e43b2d282b53dad13"
    }
  },
  {
    "model": "wagtailcore.site",
    "pk": 1,
    "fields": {
      "hostname": "localhost",
      "port": 80,
      "site_name": "",
      "root_page": 3,
      "is_default_site": true
    }
  },
  {
    "model": "wagtailcore.page",
    "pk": 1,
    "fields": {
      "path": "0001",
      "depth": 1,
      "numchild": 1,
      "title": "Root",
      "draft_title": "Root",
      "slug": "root",
      "content_type": [
        "wagtailcore",
        "page"
      ],
      "live": true,
      "has_unpublished_changes": false,
      "url_path": "/",
      "owner": null,
      "seo_title": "",
      "show_in_menus": false,
      "search_description": "",
      "go_live_at": null,
      "expire_at": null,
      "expired": false,
      "locked": false,
      "locked_at": null,
      "locked_by": null,
      "first_published_at": null,
      "last_published_at": null,
      "latest_revision_created_at": null,
      "live_revision": null
    }
  },
  {
    "model": "wagtailcore.page",
    "pk": 3,
    "fields": {
      "path": "00010002",
      "depth": 2,
      "numchild": 4,
      "title": "BlogPage",
      "draft_title": "BlogPage",
      "slug": "blogpage",
      "content_type": [
        "blog",
        "blogpage"
      ],
      "live": true,
      "has_unpublished_changes": false,
      "url_path": "/blogpage/",
      "owner": [
        "admin"
      ],
      "seo_title": "",
      "show_in_menus": false,
      "search_description": "",
      "go_live_at": null,
      "expire_at": null,
      "expired": false,
      "locked": false,
      "locked_at": null,
      "locked_by": null,
      "first_published_at": "2020-11-12T02:44:45.918Z",
      "last_published_at": "2020-11-12T02:44:45.918Z",
      "latest_revision_created_at": null,
      "live_revision": null
    }
  },
  {
    "model": "wagtailcore.page",
    "pk": 4,
    "fields": {
      "path": "000100020001",
      "depth": 3,
      "numchild": 0,
      "title": "PostPage1",
      "draft_title": "PostPage1",
      "slug": "postpage1",
      "content_type": [
        "blog",
        "postpage"
      ],
      "live": true,
      "has_unpublished_changes": false,
      "url_path": "/blogpage/postpage1/",
      "owner": [
        "admin"
      ],
      "seo_title": "",
      "show_in_menus": false,
      "search_description": "",
      "go_live_at": null,
      "expire_at": null,
      "expired": false,
      "locked": false,
      "locked_at": null,
      "locked_by": null,
      "first_published_at": "2020-11-12T02:50:23.986Z",
      "last_published_at": "2020-11-12T02:52:16.766Z",
      "latest_revision_created_at": null,
      "live_revision": null
    }
  },
  {
    "model": "wagtailcore.page",
    "pk": 5,
    "fields": {
      "path": "000100020002",
      "depth": 3,
      "numchild": 0,
      "title": "PostPage2",
      "draft_title": "PostPage2",
      "slug": "postpage2",
      "content_type": [
        "blog",
        "postpage"
      ],
      "live": true,
      "has_unpublished_changes": false,
      "url_path": "/blogpage/postpage2/",
      "owner": [
        "admin"
      ],
      "seo_title": "",
      "show_in_menus": false,
      "search_description": "",
      "go_live_at": null,
      "expire_at": null,
      "expired": false,
      "locked": false,
      "locked_at": null,
      "locked_by": null,
      "first_published_at": "2020-11-12T02:50:32.020Z",
      "last_published_at": "2020-11-12T02:51:51.605Z",
      "latest_revision_created_at": null,
      "live_revision": null
    }
  },
  {
    "model": "wagtailcore.page",
    "pk": 6,
    "fields": {
      "path": "000100020003",
      "depth": 3,
      "numchild": 0,
      "title": "PostPage3",
      "draft_title": "PostPage3",
      "slug": "postpage3",
      "content_type": [
        "blog",
        "postpage"
      ],
      "live": true,
      "has_unpublished_changes": false,
      "url_path": "/blogpage/postpage3/",
      "owner": [
        "admin"
      ],
      "seo_title": "",
      "show_in_menus": false,
      "search_description": "",
      "go_live_at": null,
      "expire_at": null,
      "expired": false,
      "locked": false,
      "locked_at": null,
      "locked_by": null,
      "first_published_at": "2020-11-12T02:50:39.671Z",
      "last_published_at": "2020-11-12T02:52:09.681Z",
      "latest_revision_created_at": null,
      "live_revision": null
    }
  },
  {
    "model": "wagtailcore.page",
    "pk": 7,
    "fields": {
      "path": "000100020004",
      "depth": 3,
      "numchild": 0,
      "title": "PostPage4",
      "draft_title": "PostPage4",
      "slug": "postpage4",
      "content_type": [
        "blog",
        "postpage"
      ],
      "live": true,
      "has_unpublished_changes": false,
      "url_path": "/blogpage/postpage4/",
      "owner": [
        "admin"
      ],
      "seo_title": "",
      "show_in_menus": false,
      "search_description": "",
      "go_live_at": null,
      "expire_at": null,
      "expired": false,
      "locked": false,
      "locked_at": null,
      "locked_by": null,
      "first_published_at": "2020-11-12T02:50:53.016Z",
      "last_published_at": "2020-11-12T02:51:45.923Z",
      "latest_revision_created_at": null,
      "live_revision": null
    }
  },
  {
    "model": "wagtailcore.collection",
    "pk": 1,
    "fields": {
      "path": "0001",
      "depth": 1,
      "numchild": 0,
      "name": "Root"
    }
  },
  {
    "model": "wagtailcore.workflowpage",
    "pk": 1,
    "fields": {
      "workflow": 1
    }
  },
  {
    "model": "wagtailcore.workflowtask",
    "pk": 1,
    "fields": {
      "sort_order": 0,
      "workflow": 1,
      "task": 1
    }
  },
  {
    "model": "wagtailcore.task",
    "pk": 1,
    "fields": {
      "name": "Moderators approval",
      "content_type": [
        "wagtailcore",
        "groupapprovaltask"
      ],
      "active": true
    }
  },
  {
    "model": "wagtailcore.workflow",
    "pk": 1,
    "fields": {
      "name": "Moderators approval",
      "active": true
    }
  },
  {
    "model": "wagtailcore.groupapprovaltask",
    "pk": 1,
    "fields": {
      "groups": [
        [
          "Moderators"
        ]
      ]
    }
  },
  {
    "model": "wagtailcore.pagelogentry",
    "pk": 1,
    "fields": {
      "content_type": [
        "blog",
        "blogpage"
      ],
      "label": "BlogPage",
      "action": "wagtail.create",
      "data_json": "\"\"",
      "timestamp": "2020-11-12T02:44:45.887Z",
      "user": [
        "admin"
      ],
      "content_changed": true,
      "deleted": false,
      "page": 3,
      "revision": null
    }
  },
  {
    "model": "wagtailcore.pagelogentry",
    "pk": 2,
    "fields": {
      "content_type": [
        "blog",
        "blogpage"
      ],
      "label": "BlogPage",
      "action": "wagtail.publish",
      "data_json": "null",
      "timestamp": "2020-11-12T02:44:45.936Z",
      "user": [
        "admin"
      ],
      "content_changed": true,
      "deleted": false,
      "page": 3,
      "revision": 1
    }
  },
  {
    "model": "wagtailcore.pagelogentry",
    "pk": 3,
    "fields": {
      "content_type": [
        "wagtailcore",
        "page"
      ],
      "label": "Welcome to your new Wagtail site!",
      "action": "wagtail.delete",
      "data_json": "\"\"",
      "timestamp": "2020-11-12T02:45:59.285Z",
      "user": [
        "admin"
      ],
      "content_changed": false,
      "deleted": true,
      "page": 2,
      "revision": null
    }
  },
  {
    "model": "wagtailcore.pagelogentry",
    "pk": 4,
    "fields": {
      "content_type": [
        "blog",
        "postpage"
      ],
      "label": "PostPage1",
      "action": "wagtail.create",
      "data_json": "\"\"",
      "timestamp": "2020-11-12T02:50:23.954Z",
      "user": [
        "admin"
      ],
      "content_changed": true,
      "deleted": false,
      "page": 4,
      "revision": null
    }
  },
  {
    "model": "wagtailcore.pagelogentry",
    "pk": 5,
    "fields": {
      "content_type": [
        "blog",
        "postpage"
      ],
      "label": "PostPage1",
      "action": "wagtail.publish",
      "data_json": "null",
      "timestamp": "2020-11-12T02:50:24.006Z",
      "user": [
        "admin"
      ],
      "content_changed": true,
      "deleted": false,
      "page": 4,
      "revision": 2
    }
  },
  {
    "model": "wagtailcore.pagelogentry",
    "pk": 6,
    "fields": {
      "content_type": [
        "blog",
        "postpage"
      ],
      "label": "PostPage1",
      "action": "wagtail.create",
      "data_json": "\"\"",
      "timestamp": "2020-11-12T02:50:31.998Z",
      "user": [
        "admin"
      ],
      "content_changed": true,
      "deleted": false,
      "page": 5,
      "revision": null
    }
  },
  {
    "model": "wagtailcore.pagelogentry",
    "pk": 7,
    "fields": {
      "content_type": [
        "blog",
        "postpage"
      ],
      "label": "PostPage2",
      "action": "wagtail.copy",
      "data_json": "{\"page\": {\"id\": 5, \"title\": \"PostPage2\"}, \"source\": {\"id\": 3, \"title\": \"BlogPage\"}, \"destination\": {\"id\": 3, \"title\": \"BlogPage\"}, \"keep_live\": true}",
      "timestamp": "2020-11-12T02:50:32.051Z",
      "user": [
        "admin"
      ],
      "content_changed": false,
      "deleted": false,
      "page": 5,
      "revision": null
    }
  },
  {
    "model": "wagtailcore.pagelogentry",
    "pk": 8,
    "fields": {
      "content_type": [
        "blog",
        "postpage"
      ],
      "label": "PostPage2",
      "action": "wagtail.publish",
      "data_json": "\"\"",
      "timestamp": "2020-11-12T02:50:32.053Z",
      "user": [
        "admin"
      ],
      "content_changed": false,
      "deleted": false,
      "page": 5,
      "revision": 4
    }
  },
  {
    "model": "wagtailcore.pagelogentry",
    "pk": 9,
    "fields": {
      "content_type": [
        "blog",
        "postpage"
      ],
      "label": "PostPage2",
      "action": "wagtail.create",
      "data_json": "\"\"",
      "timestamp": "2020-11-12T02:50:39.651Z",
      "user": [
        "admin"
      ],
      "content_changed": true,
      "deleted": false,
      "page": 6,
      "revision": null
    }
  },
  {
    "model": "wagtailcore.pagelogentry",
    "pk": 10,
    "fields": {
      "content_type": [
        "blog",
        "postpage"
      ],
      "label": "PostPage3",
      "action": "wagtail.copy",
      "data_json": "{\"page\": {\"id\": 6, \"title\": \"PostPage3\"}, \"source\": {\"id\": 3, \"title\": \"BlogPage\"}, \"destination\": {\"id\": 3, \"title\": \"BlogPage\"}, \"keep_live\": true}",
      "timestamp": "2020-11-12T02:50:39.700Z",
      "user": [
        "admin"
      ],
      "content_changed": false,
      "deleted": false,
      "page": 6,
      "revision": null
    }
  },
  {
    "model": "wagtailcore.pagelogentry",
    "pk": 11,
    "fields": {
      "content_type": [
        "blog",
        "postpage"
      ],
      "label": "PostPage3",
      "action": "wagtail.publish",
      "data_json": "\"\"",
      "timestamp": "2020-11-12T02:50:39.702Z",
      "user": [
        "admin"
      ],
      "content_changed": false,
      "deleted": false,
      "page": 6,
      "revision": 7
    }
  },
  {
    "model": "wagtailcore.pagelogentry",
    "pk": 12,
    "fields": {
      "content_type": [
        "blog",
        "postpage"
      ],
      "label": "PostPage3",
      "action": "wagtail.create",
      "data_json": "\"\"",
      "timestamp": "2020-11-12T02:50:52.992Z",
      "user": [
        "admin"
      ],
      "content_changed": true,
      "deleted": false,
      "page": 7,
      "revision": null
    }
  },
  {
    "model": "wagtailcore.pagelogentry",
    "pk": 13,
    "fields": {
      "content_type": [
        "blog",
        "postpage"
      ],
      "label": "PostPage4",
      "action": "wagtail.copy",
      "data_json": "{\"page\": {\"id\": 7, \"title\": \"PostPage4\"}, \"source\": {\"id\": 3, \"title\": \"BlogPage\"}, \"destination\": {\"id\": 3, \"title\": \"BlogPage\"}, \"keep_live\": true}",
      "timestamp": "2020-11-12T02:50:53.046Z",
      "user": [
        "admin"
      ],
      "content_changed": false,
      "deleted": false,
      "page": 7,
      "revision": null
    }
  },
  {
    "model": "wagtailcore.pagelogentry",
    "pk": 14,
    "fields": {
      "content_type": [
        "blog",
        "postpage"
      ],
      "label": "PostPage4",
      "action": "wagtail.publish",
      "data_json": "\"\"",
      "timestamp": "2020-11-12T02:50:53.048Z",
      "user": [
        "admin"
      ],
      "content_changed": false,
      "deleted": false,
      "page": 7,
      "revision": 11
    }
  },
  {
    "model": "wagtailcore.pagelogentry",
    "pk": 15,
    "fields": {
      "content_type": [
        "blog",
        "postpage"
      ],
      "label": "PostPage4",
      "action": "wagtail.edit",
      "data_json": "\"\"",
      "timestamp": "2020-11-12T02:51:45.906Z",
      "user": [
        "admin"
      ],
      "content_changed": true,
      "deleted": false,
      "page": 7,
      "revision": 12
    }
  },
  {
    "model": "wagtailcore.pagelogentry",
    "pk": 16,
    "fields": {
      "content_type": [
        "blog",
        "postpage"
      ],
      "label": "PostPage4",
      "action": "wagtail.publish",
      "data_json": "null",
      "timestamp": "2020-11-12T02:51:45.947Z",
      "user": [
        "admin"
      ],
      "content_changed": true,
      "deleted": false,
      "page": 7,
      "revision": 12
    }
  },
  {
    "model": "wagtailcore.pagelogentry",
    "pk": 17,
    "fields": {
      "content_type": [
        "blog",
        "postpage"
      ],
      "label": "PostPage2",
      "action": "wagtail.edit",
      "data_json": "\"\"",
      "timestamp": "2020-11-12T02:51:51.589Z",
      "user": [
        "admin"
      ],
      "content_changed": true,
      "deleted": false,
      "page": 5,
      "revision": 13
    }
  },
  {
    "model": "wagtailcore.pagelogentry",
    "pk": 18,
    "fields": {
      "content_type": [
        "blog",
        "postpage"
      ],
      "label": "PostPage2",
      "action": "wagtail.publish",
      "data_json": "null",
      "timestamp": "2020-11-12T02:51:51.630Z",
      "user": [
        "admin"
      ],
      "content_changed": true,
      "deleted": false,
      "page": 5,
      "revision": 13
    }
  },
  {
    "model": "wagtailcore.pagelogentry",
    "pk": 19,
    "fields": {
      "content_type": [
        "blog",
        "postpage"
      ],
      "label": "PostPage3",
      "action": "wagtail.edit",
      "data_json": "\"\"",
      "timestamp": "2020-11-12T02:52:09.664Z",
      "user": [
        "admin"
      ],
      "content_changed": true,
      "deleted": false,
      "page": 6,
      "revision": 14
    }
  },
  {
    "model": "wagtailcore.pagelogentry",
    "pk": 20,
    "fields": {
      "content_type": [
        "blog",
        "postpage"
      ],
      "label": "PostPage3",
      "action": "wagtail.publish",
      "data_json": "null",
      "timestamp": "2020-11-12T02:52:09.716Z",
      "user": [
        "admin"
      ],
      "content_changed": true,
      "deleted": false,
      "page": 6,
      "revision": 14
    }
  },
  {
    "model": "wagtailcore.pagelogentry",
    "pk": 21,
    "fields": {
      "content_type": [
        "blog",
        "postpage"
      ],
      "label": "PostPage1",
      "action": "wagtail.edit",
      "data_json": "\"\"",
      "timestamp": "2020-11-12T02:52:16.749Z",
      "user": [
        "admin"
      ],
      "content_changed": true,
      "deleted": false,
      "page": 4,
      "revision": 15
    }
  },
  {
    "model": "wagtailcore.pagelogentry",
    "pk": 22,
    "fields": {
      "content_type": [
        "blog",
        "postpage"
      ],
      "label": "PostPage1",
      "action": "wagtail.publish",
      "data_json": "null",
      "timestamp": "2020-11-12T02:52:16.793Z",
      "user": [
        "admin"
      ],
      "content_changed": true,
      "deleted": false,
      "page": 4,
      "revision": 15
    }
  },
  {
    "model": "taggit.tag",
    "pk": 1,
    "fields": {
      "name": "Django",
      "slug": "django"
    }
  },
  {
    "model": "taggit.tag",
    "pk": 2,
    "fields": {
      "name": "Wagtail",
      "slug": "wagtail"
    }
  },
  {
    "model": "taggit.tag",
    "pk": 3,
    "fields": {
      "name": "React",
      "slug": "react"
    }
  },
  {
    "model": "blog.blogpage",
    "pk": 3,
    "fields": {
      "description": "BlogPage"
    }
  },
  {
    "model": "blog.postpage",
    "pk": 4,
    "fields": {
      "header_image": 3,
      "body": "[{\"type\": \"h1\", \"value\": \"The Zen of Wagtail\", \"id\": \"886b6fb8-472a-47b0-9bef-2317ea04799a\"}, {\"type\": \"paragraph\", \"value\": \"<p>Wagtail has been born out of many years of experience building websites, learning approaches that work and ones that don\\u2019t, and striking a balance between power and simplicity, structure and flexibility. We hope you\\u2019ll find that Wagtail is in that sweet spot.</p>\", \"id\": \"6b051ad8-d1ba-4dab-84be-1d30b4e272e9\"}, {\"type\": \"image_carousel\", \"value\": [2, 1], \"id\": \"7231f723-5770-4173-a17e-a86a0b68bac1\"}, {\"type\": \"image_text\", \"value\": {\"reverse\": false, \"text\": \"<p>Wagtail is not an instant website in a box.</p><p>You can\\u2019t make a beautiful website by plugging off-the-shelf modules together - expect to write code.</p>\", \"image\": 3}, \"id\": \"b32bc7bb-0e71-448b-968d-67be3492659f\"}, {\"type\": \"image_text\", \"value\": {\"reverse\": true, \"text\": \"<p>A CMS should get information out of an editor\\u2019s head and into a database, as efficiently and directly as possible.</p>\", \"image\": 1}, \"id\": \"ab6f3090-b05d-4c07-a3b0-c105ddf823a6\"}]"
    }
  },
  {
    "model": "blog.postpage",
    "pk": 5,
    "fields": {
      "header_image": 2,
      "body": "[{\"type\": \"h1\", \"value\": \"The Zen of Wagtail\", \"id\": \"886b6fb8-472a-47b0-9bef-2317ea04799a\"}, {\"type\": \"paragraph\", \"value\": \"<p>Wagtail has been born out of many years of experience building websites, learning approaches that work and ones that don\\u2019t, and striking a balance between power and simplicity, structure and flexibility. We hope you\\u2019ll find that Wagtail is in that sweet spot.</p>\", \"id\": \"6b051ad8-d1ba-4dab-84be-1d30b4e272e9\"}, {\"type\": \"image_carousel\", \"value\": [2, 1], \"id\": \"7231f723-5770-4173-a17e-a86a0b68bac1\"}, {\"type\": \"image_text\", \"value\": {\"reverse\": false, \"text\": \"<p>Wagtail is not an instant website in a box.</p><p>You can\\u2019t make a beautiful website by plugging off-the-shelf modules together - expect to write code.</p>\", \"image\": 3}, \"id\": \"b32bc7bb-0e71-448b-968d-67be3492659f\"}, {\"type\": \"image_text\", \"value\": {\"reverse\": true, \"text\": \"<p>A CMS should get information out of an editor\\u2019s head and into a database, as efficiently and directly as possible.</p>\", \"image\": 1}, \"id\": \"ab6f3090-b05d-4c07-a3b0-c105ddf823a6\"}]"
    }
  },
  {
    "model": "blog.postpage",
    "pk": 6,
    "fields": {
      "header_image": 1,
      "body": "[{\"type\": \"h1\", \"value\": \"The Zen of Wagtail\", \"id\": \"886b6fb8-472a-47b0-9bef-2317ea04799a\"}, {\"type\": \"paragraph\", \"value\": \"<p>Wagtail has been born out of many years of experience building websites, learning approaches that work and ones that don\\u2019t, and striking a balance between power and simplicity, structure and flexibility. We hope you\\u2019ll find that Wagtail is in that sweet spot.</p>\", \"id\": \"6b051ad8-d1ba-4dab-84be-1d30b4e272e9\"}, {\"type\": \"image_carousel\", \"value\": [2, 1], \"id\": \"7231f723-5770-4173-a17e-a86a0b68bac1\"}, {\"type\": \"image_text\", \"value\": {\"reverse\": false, \"text\": \"<p>Wagtail is not an instant website in a box.</p><p>You can\\u2019t make a beautiful website by plugging off-the-shelf modules together - expect to write code.</p>\", \"image\": 3}, \"id\": \"b32bc7bb-0e71-448b-968d-67be3492659f\"}, {\"type\": \"image_text\", \"value\": {\"reverse\": true, \"text\": \"<p>A CMS should get information out of an editor\\u2019s head and into a database, as efficiently and directly as possible.</p>\", \"image\": 1}, \"id\": \"ab6f3090-b05d-4c07-a3b0-c105ddf823a6\"}]"
    }
  },
  {
    "model": "blog.postpage",
    "pk": 7,
    "fields": {
      "header_image": 3,
      "body": "[{\"type\": \"h1\", \"value\": \"The Zen of Wagtail\", \"id\": \"886b6fb8-472a-47b0-9bef-2317ea04799a\"}, {\"type\": \"paragraph\", \"value\": \"<p>Wagtail has been born out of many years of experience building websites, learning approaches that work and ones that don\\u2019t, and striking a balance between power and simplicity, structure and flexibility. We hope you\\u2019ll find that Wagtail is in that sweet spot.</p>\", \"id\": \"6b051ad8-d1ba-4dab-84be-1d30b4e272e9\"}, {\"type\": \"image_carousel\", \"value\": [2, 1], \"id\": \"7231f723-5770-4173-a17e-a86a0b68bac1\"}, {\"type\": \"image_text\", \"value\": {\"reverse\": false, \"text\": \"<p>Wagtail is not an instant website in a box.</p><p>You can\\u2019t make a beautiful website by plugging off-the-shelf modules together - expect to write code.</p>\", \"image\": 3}, \"id\": \"b32bc7bb-0e71-448b-968d-67be3492659f\"}, {\"type\": \"image_text\", \"value\": {\"reverse\": true, \"text\": \"<p>A CMS should get information out of an editor\\u2019s head and into a database, as efficiently and directly as possible.</p>\", \"image\": 1}, \"id\": \"ab6f3090-b05d-4c07-a3b0-c105ddf823a6\"}]"
    }
  },
  {
    "model": "blog.postpageblogcategory",
    "pk": 1,
    "fields": {
      "page": 6,
      "blog_category": 1
    }
  },
  {
    "model": "blog.postpageblogcategory",
    "pk": 2,
    "fields": {
      "page": 4,
      "blog_category": 1
    }
  },
  {
    "model": "blog.blogcategory",
    "pk": 1,
    "fields": {
      "name": "Programming",
      "slug": "programming"
    }
  },
  {
    "model": "blog.blogcategory",
    "pk": 2,
    "fields": {
      "name": "Life",
      "slug": "life"
    }
  },
  {
    "model": "blog.postpagetag",
    "pk": 1,
    "fields": {
      "tag": 1,
      "content_object": 4
    }
  },
  {
    "model": "blog.postpagetag",
    "pk": 2,
    "fields": {
      "tag": 3,
      "content_object": 5
    }
  },
  {
    "model": "blog.postpagetag",
    "pk": 3,
    "fields": {
      "tag": 3,
      "content_object": 7
    }
  }
]
